{
  "timestamp": 1771729487.57439,
  "label": "cu0_proto_strong",
  "results": [
    {
      "n_episodes": 10,
      "focal_per_capita": {
        "mean": 202.8,
        "std": 63.68056858112069,
        "ci95": 40.27512788217967,
        "min": 141.0,
        "max": 320.6666666666667,
        "all": [
          157.0,
          186.0,
          147.66666666666666,
          141.0,
          181.66666666666666,
          320.6666666666667,
          160.0,
          294.0,
          253.0,
          187.0
        ]
      },
      "mean_steps": 1519.0,
      "scenario": "clean_up_0",
      "substrate": "clean_up"
    }
  ]
}