{
  "timestamp": 1771729510.8742313,
  "label": "cu0_control",
  "results": [
    {
      "n_episodes": 10,
      "focal_per_capita": {
        "mean": 227.3,
        "std": 81.6482140906801,
        "ci95": 51.63886468232055,
        "min": 128.66666666666666,
        "max": 350.6666666666667,
        "all": [
          287.6666666666667,
          163.0,
          198.66666666666666,
          316.3333333333333,
          164.0,
          319.0,
          165.33333333333334,
          179.66666666666666,
          350.6666666666667,
          128.66666666666666
        ]
      },
      "mean_steps": 1589.0,
      "scenario": "clean_up_0",
      "substrate": "clean_up"
    }
  ]
}