{
  "timestamp": 1771729522.2132583,
  "label": "cu0_proto_mod",
  "results": [
    {
      "n_episodes": 10,
      "focal_per_capita": {
        "mean": 217.2,
        "std": 66.10246442054286,
        "ci95": 41.80686930383156,
        "min": 98.0,
        "max": 307.6666666666667,
        "all": [
          236.66666666666666,
          307.6666666666667,
          140.0,
          262.6666666666667,
          173.0,
          296.3333333333333,
          233.0,
          98.0,
          209.66666666666666,
          215.0
        ]
      },
      "mean_steps": 1589.0,
      "scenario": "clean_up_0",
      "substrate": "clean_up"
    }
  ]
}