{
  "timestamp": 1771605696.481003,
  "label": "digisoup",
  "results": [
    {
      "n_episodes": 30,
      "focal_per_capita": {
        "mean": 2.8400000000000003,
        "std": 2.2811975076624815,
        "ci95": 0.8329755553808701,
        "min": 0.0,
        "max": 8.2,
        "all": [
          6.2,
          0.8,
          1.2,
          0.6,
          1.0,
          8.2,
          1.4,
          7.4,
          3.0,
          1.6,
          8.2,
          3.6,
          1.2,
          1.6,
          0.8,
          0.0,
          2.0,
          2.6,
          2.8,
          3.2,
          3.0,
          1.8,
          1.8,
          3.4,
          6.0,
          1.4,
          1.2,
          1.6,
          2.4,
          5.2
        ]
      },
      "mean_steps": 1695.6666666666667,
      "scenario": "commons_harvest__open_0",
      "substrate": "commons_harvest__open"
    },
    {
      "n_episodes": 30,
      "focal_per_capita": {
        "mean": 3.4399999999999995,
        "std": 2.395052371466847,
        "ci95": 0.8745494735057563,
        "min": 0.4,
        "max": 9.4,
        "all": [
          2.6,
          8.6,
          5.2,
          1.6,
          1.6,
          3.4,
          3.4,
          0.4,
          5.8,
          1.8,
          2.8,
          6.2,
          2.0,
          3.0,
          9.4,
          5.6,
          2.8,
          2.8,
          2.0,
          2.6,
          1.8,
          1.4,
          0.8,
          9.0,
          4.8,
          1.4,
          1.2,
          2.8,
          4.0,
          2.4
        ]
      },
      "mean_steps": 1595.6666666666667,
      "scenario": "commons_harvest__open_1",
      "substrate": "commons_harvest__open"
    },
    {
      "n_episodes": 30,
      "focal_per_capita": {
        "mean": 194.7,
        "std": 69.43275089287278,
        "ci95": 25.353255929108922,
        "min": 78.66666666666667,
        "max": 380.0,
        "all": [
          177.0,
          211.66666666666666,
          132.33333333333334,
          207.33333333333334,
          78.66666666666667,
          186.66666666666666,
          228.33333333333334,
          241.66666666666666,
          114.33333333333333,
          153.66666666666666,
          380.0,
          173.0,
          208.66666666666666,
          242.66666666666666,
          110.0,
          210.0,
          236.33333333333334,
          322.0,
          211.66666666666666,
          111.66666666666667,
          180.33333333333334,
          223.66666666666666,
          128.33333333333334,
          141.0,
          228.66666666666666,
          84.0,
          309.6666666666667,
          245.33333333333334,
          146.33333333333334,
          216.0
        ]
      },
      "mean_steps": 1422.3333333333333,
      "scenario": "clean_up_0",
      "substrate": "clean_up"
    },
    {
      "n_episodes": 30,
      "focal_per_capita": {
        "mean": 0.0,
        "std": 0.0,
        "ci95": 0.0,
        "min": 0.0,
        "max": 0.0,
        "all": [
          0.0,
          0.0,
          0.0,
          0.0,
          0.0,
          0.0,
          0.0,
          0.0,
          0.0,
          0.0,
          0.0,
          0.0,
          0.0,
          0.0,
          0.0,
          0.0,
          0.0,
          0.0,
          0.0,
          0.0,
          0.0,
          0.0,
          0.0,
          0.0,
          0.0,
          0.0,
          0.0,
          0.0,
          0.0,
          0.0
        ]
      },
      "mean_steps": 1349.0,
      "scenario": "clean_up_1",
      "substrate": "clean_up"
    },
    {
      "n_episodes": 30,
      "focal_per_capita": {
        "mean": 79.22222222222221,
        "std": 31.924639871214975,
        "ci95": 11.657230265128842,
        "min": 27.0,
        "max": 152.0,
        "all": [
          27.0,
          116.33333333333333,
          40.333333333333336,
          67.66666666666667,
          76.66666666666667,
          141.66666666666666,
          79.66666666666667,
          67.0,
          109.66666666666667,
          91.0,
          32.666666666666664,
          38.666666666666664,
          60.0,
          91.33333333333333,
          79.66666666666667,
          58.666666666666664,
          79.66666666666667,
          64.66666666666667,
          45.666666666666664,
          121.0,
          152.0,
          75.0,
          69.0,
          58.333333333333336,
          109.66666666666667,
          135.33333333333334,
          92.66666666666667,
          72.66666666666667,
          55.666666666666664,
          67.33333333333333
        ]
      },
      "mean_steps": 1379.0,
      "scenario": "clean_up_2",
      "substrate": "clean_up"
    },
    {
      "n_episodes": 30,
      "focal_per_capita": {
        "mean": 65.9,
        "std": 22.604571808965254,
        "ci95": 8.254022588343751,
        "min": 26.0,
        "max": 119.66666666666667,
        "all": [
          81.33333333333333,
          100.66666666666667,
          26.0,
          37.666666666666664,
          38.0,
          31.0,
          66.33333333333333,
          78.33333333333333,
          67.33333333333333,
          65.0,
          49.333333333333336,
          50.666666666666664,
          69.0,
          89.66666666666667,
          67.66666666666667,
          63.0,
          59.0,
          42.666666666666664,
          100.33333333333333,
          75.66666666666667,
          61.333333333333336,
          97.33333333333333,
          119.66666666666667,
          68.66666666666667,
          63.0,
          65.66666666666667,
          45.666666666666664,
          36.666666666666664,
          92.0,
          68.33333333333333
        ]
      },
      "mean_steps": 1432.3333333333333,
      "scenario": "clean_up_3",
      "substrate": "clean_up"
    },
    {
      "n_episodes": 30,
      "focal_per_capita": {
        "mean": 42.14444444444445,
        "std": 22.4067985942645,
        "ci95": 8.18180602103581,
        "min": 11.166666666666666,
        "max": 96.83333333333333,
        "all": [
          43.166666666666664,
          27.833333333333332,
          33.833333333333336,
          96.83333333333333,
          34.166666666666664,
          44.833333333333336,
          25.0,
          60.666666666666664,
          14.0,
          11.5,
          41.0,
          71.5,
          24.166666666666668,
          40.333333333333336,
          18.833333333333332,
          20.0,
          43.666666666666664,
          72.83333333333333,
          82.83333333333333,
          22.666666666666668,
          41.5,
          58.166666666666664,
          38.5,
          83.33333333333333,
          32.166666666666664,
          47.833333333333336,
          54.0,
          21.333333333333332,
          46.666666666666664,
          11.166666666666666
        ]
      },
      "mean_steps": 1579.0,
      "scenario": "clean_up_4",
      "substrate": "clean_up"
    },
    {
      "n_episodes": 30,
      "focal_per_capita": {
        "mean": 31.266666666666666,
        "std": 16.66558157387261,
        "ci95": 6.0854099746349855,
        "min": 8.4,
        "max": 79.0,
        "all": [
          35.0,
          8.4,
          30.4,
          19.4,
          22.6,
          61.0,
          55.0,
          36.8,
          37.2,
          14.6,
          15.4,
          20.0,
          16.8,
          9.8,
          27.6,
          27.4,
          58.6,
          17.6,
          22.2,
          22.0,
          35.8,
          57.0,
          40.2,
          26.4,
          25.8,
          37.4,
          22.0,
          35.2,
          21.4,
          79.0
        ]
      },
      "mean_steps": 1405.6666666666667,
      "scenario": "clean_up_5",
      "substrate": "clean_up"
    },
    {
      "n_episodes": 30,
      "focal_per_capita": {
        "mean": 13.211111111111112,
        "std": 6.912553594026866,
        "ci95": 2.5241076889412817,
        "min": 2.5,
        "max": 25.5,