{
  "timestamp": 1771729239.5754561,
  "label": "pd0_proto_strong",
  "results": [
    {
      "n_episodes": 10,
      "focal_per_capita": {
        "mean": 16.271596658344187,
        "std": 10.291395269647685,
        "ci95": 6.508849870633881,
        "min": 0.0,
        "max": 30.914867724867722,
        "all": [
          25.57857142857143,
          0.0,
          17.658996598639455,
          13.085185185185185,
          19.294652777777777,
          30.914867724867722,
          3.4166666666666665,
          17.831439393939394,
          27.358300264550262,
          7.57728654324399
        ]
      },
      "mean_steps": 1579.0,
      "scenario": "prisoners_dilemma_in_the_matrix__arena_0",
      "substrate": "prisoners_dilemma_in_the_matrix__arena"
    }
  ]
}