{
  "timestamp": 1771729349.1186247,
  "label": "pd0_control",
  "results": [
    {
      "n_episodes": 10,
      "focal_per_capita": {
        "mean": 17.159964580710923,
        "std": 11.108433430767034,
        "ci95": 7.025590175516435,
        "min": 3.0357142857142856,
        "max": 38.87095238095238,
        "all": [
          5.083333333333334,
          17.387744472789116,
          38.87095238095238,
          8.487711213517667,
          9.99072039072039,
          20.35565476190476,
          3.0357142857142856,
          22.5325176366843,
          17.37777777777778,
          28.477519553715208
        ]
      },
      "mean_steps": 1889.0,
      "scenario": "prisoners_dilemma_in_the_matrix__arena_0",
      "substrate": "prisoners_dilemma_in_the_matrix__arena"
    }
  ]
}