{
  "timestamp": 1771729191.2165933,
  "label": "pd0_proto_mod",
  "results": [
    {
      "n_episodes": 10,
      "focal_per_capita": {
        "mean": 18.762972485777937,
        "std": 10.071367139561506,
        "ci95": 6.369691862557852,
        "min": 7.542328042328042,
        "max": 33.1260582010582,
        "all": [
          8.773809523809524,
          25.16349206349206,
          33.1260582010582,
          16.488690476190474,
          27.765476190476193,
          7.542328042328042,
          21.46140873015873,
          9.316666666666666,
          7.657894736842105,
          30.33390022675737
        ]
      },
      "mean_steps": 1489.0,
      "scenario": "prisoners_dilemma_in_the_matrix__arena_0",
      "substrate": "prisoners_dilemma_in_the_matrix__arena"
    }
  ]
}